description,simple,fautes
0.9473684210526315,0.868421052631579,0.743421052631579
